
create database Financial;

use Financial;

-- Create Revenue Table
CREATE TABLE Revenue (
    ID INT PRIMARY KEY,
    Date DATE,
    RevenueAmount DECIMAL(10,2),
    Region VARCHAR(50)
);

-- Insert 50 records into Revenue Table
INSERT INTO Revenue (ID,Date, RevenueAmount, Region) 
VALUES 
(1,'2023-01-01', 15000, 'North'),
(2,'2023-02-01', 20000, 'South'),
(3,'2023-03-01', 25000, 'East'),
(4,'2023-04-01', 30000, 'West'),
(5,'2023-05-01', 22000, 'North'),
(6,'2023-06-01', 27000, 'South'),
(7,'2023-07-01', 32000, 'East'),
(8,'2023-08-01', 35000, 'West'),
(9,'2023-09-01', 18000, 'North'),
(10,'2023-10-01', 21000, 'South'),
(11,'2023-11-01', 24000, 'East'),
(12,'2023-12-01', 26000, 'West'),
(13,'2024-01-01', 28000, 'North'),
(14,'2024-02-01', 30000, 'South'),
(15,'2024-03-01', 33000, 'East'),
(16,'2024-04-01', 37000, 'West'),
(17,'2024-05-01', 25000, 'North'),
(18,'2024-06-01', 29000, 'South'),
(19,'2024-07-01', 31000, 'East'),
(20,'2024-08-01', 34000, 'West'),
(21,'2024-09-01', 21000, 'North'),
(22,'2024-10-01', 26000, 'South'),
(23,'2024-11-01', 28000, 'East'),
(24,'2024-12-01', 31000, 'West'),
(25,'2025-01-01', 35000, 'North'),
(26,'2025-02-01', 37000, 'South'),
(27,'2025-03-01', 39000, 'East'),
(28,'2025-04-01', 41000, 'West'),
(29,'2025-05-01', 42000, 'North'),
(30,'2025-06-01', 43000, 'South'),
(31,'2025-07-01', 45000, 'East'),
(32,'2025-08-01', 46000, 'West'),
(33,'2025-09-01', 47000, 'North'),
(34,'2025-10-01', 48000, 'South'),
(35,'2025-11-01', 49000, 'East'),
(36,'2025-12-01', 50000, 'West'),
(37,'2026-01-01', 52000, 'North'),
(38,'2026-02-01', 53000, 'South'),
(39,'2026-03-01', 54000, 'East'),
(40,'2026-04-01', 55000, 'West'),
(41,'2026-05-01', 56000, 'North'),
(42,'2026-06-01', 57000, 'South'),
(43,'2026-07-01', 58000, 'East'),
(44,'2026-08-01', 59000, 'West'),
(45,'2026-09-01', 60000, 'North'),
(46,'2026-10-01', 61000, 'South'),
(47,'2026-11-01', 62000, 'East'),
(48,'2026-12-01', 63000, 'West');

-- Create Expenses Table
CREATE TABLE Expenses (
    ID INT PRIMARY KEY ,
    Date DATE,
    ExpenseCategory VARCHAR(50),
    ExpenseAmount DECIMAL(10,2)
);

-- Insert 50 records into Expenses Table
INSERT INTO Expenses (ID,Date, ExpenseCategory, ExpenseAmount) 
VALUES 
(1,'2023-01-01', 'Marketing', 5000),
(2,'2023-01-01', 'Operations', 3000),
(3,'2023-02-01', 'Salaries', 7000),
(4,'2023-03-01', 'Maintenance', 4000),
(5,'2023-04-01', 'Utilities', 3500),
(6,'2023-05-01', 'Travel', 2500),
(7,'2023-06-01', 'IT Support', 2800),
(8,'2023-07-01', 'HR', 3200),
(9,'2023-08-01', 'Legal', 4100),
(10,'2023-09-01', 'Training', 3800),
(11,'2023-10-01', 'Security', 4400),
(12,'2023-11-01', 'Equipment', 4700),
(13,'2023-12-01', 'Marketing', 4900),
(14,'2024-01-01', 'Operations', 5100),
(15,'2024-02-01', 'Salaries', 5300),
(16,'2024-03-01', 'Maintenance', 5500),
(17,'2024-04-01', 'Utilities', 5800),
(18,'2024-05-01', 'Travel', 6000),
(19,'2024-06-01', 'IT Support', 6200),
(20,'2024-07-01', 'HR', 6400),
(21,'2024-08-01', 'Legal', 6600),
(22,'2024-09-01', 'Training', 6800),
(23,'2024-10-01', 'Security', 7000),
(24,'2024-11-01', 'Equipment', 7200),
(25,'2024-12-01', 'Marketing', 7500),
(26,'2025-01-01', 'Operations', 7700),
(27,'2025-02-01', 'Salaries', 7900),
(28,'2025-03-01', 'Maintenance', 8100),
(29,'2025-04-01', 'Utilities', 8300),
(30,'2025-05-01', 'Travel', 8500),
(31,'2025-06-01', 'IT Support', 8700),
(32,'2025-07-01', 'HR', 8900),
(33,'2025-08-01', 'Legal', 9100),
(34,'2025-09-01', 'Training', 9300),
(35,'2025-10-01', 'Security', 9500),
(36,'2025-11-01', 'Equipment', 9700),
(37,'2025-12-01', 'Marketing', 9900);

-- Create Profit Table
CREATE TABLE Profit (
    ID INT IDENTITY(1,1) PRIMARY KEY,
    Date DATE,
    ProfitAmount DECIMAL(10,2)
);

-- Insert 50 records into Profit Table
INSERT INTO Profit (Date, ProfitAmount) 
VALUES 
('2023-01-01', 7000),
('2023-02-01', 10000),
('2023-03-01', 12000),
('2023-04-01', 15000),
('2023-05-01', 17000),
('2023-06-01', 19000),
('2023-07-01', 21000),
('2023-08-01', 23000),
('2023-09-01', 25000),
('2023-10-01', 27000),
('2023-11-01', 29000),
('2023-12-01', 31000),
('2024-01-01', 33000),
('2024-02-01', 35000),
('2024-03-01', 37000),
('2024-04-01', 39000),
('2024-05-01', 41000),
('2024-06-01', 43000),
('2024-07-01', 45000),
('2024-08-01', 47000),
('2024-09-01', 49000),
('2024-10-01', 51000),
('2024-11-01', 53000),
('2024-12-01', 55000),
('2025-01-01', 57000),
('2025-02-01', 59000),
('2025-03-01', 61000),
('2025-04-01', 63000),
('2025-05-01', 65000),
('2025-06-01', 67000);

